{
  "contracts": [
    {
      "id": "contract-system",
      "name": "System Contract",
      "path": "../../../System-Contract.md",
      "version": "1.0.0",
      "status": "active",
      "last_updated": "2025-04-15",
      "related_contracts": ["contract-deduplicator", "contract-converter", "contract-database-loader", "contract-data-analyzer", "contract-excel-to-json-converter", "contract-json-cleaner"],
      "test_results": ["test-system-contract-level1"]
    },
    {
      "id": "contract-deduplicator",
      "name": "Deduplicator",
      "path": "../../../interfaces/deduplicator/contract.md",
      "version": "1.0.0",
      "status": "active",
      "last_updated": "2025-04-15",
      "related_contracts": ["contract-converter", "contract-database-loader", "contract-system"],
      "test_results": []
    },
    {
      "id": "contract-converter",
      "name": "Converter",
      "path": "../../../interfaces/converter/contract.md",
      "version": "1.1.0",
      "status": "active",
      "last_updated": "2025-04-15",
      "related_contracts": ["contract-database-loader", "contract-excel-to-json-converter", "contract-json-cleaner", "contract-system"],
      "test_results": []
    },
    {
      "id": "contract-database-loader",
      "name": "DatabaseLoader",
      "path": "../../../interfaces/database-loader/contract.md",
      "version": "1.0.0",
      "status": "active",
      "last_updated": "2025-04-15",
      "related_contracts": ["contract-data-analyzer", "contract-system"],
      "test_results": []
    },
    {
      "id": "contract-data-analyzer",
      "name": "DataAnalyzer",
      "path": "../../../interfaces/data-analyzer/contract.md",
      "version": "1.0.0",
      "status": "active",
      "last_updated": "2025-04-15",
      "related_contracts": ["contract-system"],
      "test_results": []
    },
    {
      "id": "contract-excel-to-json-converter",
      "name": "ExcelToJsonConverter",
      "path": "../../../interfaces/converter/excel-to-json-converter.md",
      "version": "1.0.0",
      "status": "active",
      "last_updated": "2025-04-15",
      "related_contracts": ["contract-converter", "contract-json-cleaner", "contract-system"],
      "test_results": ["test-excel-to-json-converter-level1"]
    },
    {
      "id": "contract-json-cleaner",
      "name": "JsonCleaner",
      "path": "../../../interfaces/converter/json-cleaner.md",
      "version": "1.0.0",
      "status": "active",
      "last_updated": "2025-04-15",
      "related_contracts": ["contract-converter", "contract-excel-to-json-converter", "contract-system"],
      "test_results": ["test-json-cleaner-level1"]
    }
  ]
}
