{
  "elements": [
    {
      "id": "element-deduplicate",
      "name": "deduplicate",
      "type": "method",
      "description": "Метод для дедупликации потока данных",
      "contract_id": "contract-deduplicator"
    },
    {
      "id": "element-deduplicateFile",
      "name": "deduplicateFile",
      "type": "method",
      "description": "Метод для дедупликации файла с данными",
      "contract_id": "contract-deduplicator"
    },
    {
      "id": "element-getStats",
      "name": "getStats",
      "type": "method",
      "description": "Метод для получения статистики дедупликации",
      "contract_id": "contract-deduplicator"
    },
    {
      "id": "element-convert",
      "name": "convert",
      "type": "method",
      "description": "Метод для конвертации данных из Excel в JSON",
      "contract_id": "contract-converter"
    },
    {
      "id": "element-convertFile",
      "name": "convertFile",
      "type": "method",
      "description": "Метод для конвертации файла Excel в файл JSON",
      "contract_id": "contract-converter"
    },
    {
      "id": "element-getMetadata",
      "name": "getMetadata",
      "type": "method",
      "description": "Метод для получения метаданных конвертации",
      "contract_id": "contract-converter"
    },
    {
      "id": "element-loadData",
      "name": "loadData",
      "type": "method",
      "description": "Метод для загрузки данных в базу данных",
      "contract_id": "contract-database-loader"
    },
    {
      "id": "element-loadFile",
      "name": "loadFile",
      "type": "method",
      "description": "Метод для загрузки файла в базу данных",
      "contract_id": "contract-database-loader"
    },
    {
      "id": "element-analyze",
      "name": "analyze",
      "type": "method",
      "description": "Метод для анализа данных",
      "contract_id": "contract-data-analyzer"
    }
  ],
  "problems": [
    {
      "id": "problem-deduplication-criteria",
      "description": "Отсутствие явного определения критериев дедупликации",
      "first_detected": null,
      "status": "potential",
      "contract_id": "contract-deduplicator",
      "ontological_axis": "internal_external"
    },
    {
      "id": "problem-error-handling",
      "description": "Неопределенное поведение при ошибках ввода-вывода",
      "first_detected": null,
      "status": "potential",
      "contract_id": "contract-deduplicator",
      "ontological_axis": "static_dynamic"
    },
    {
      "id": "problem-stats-scope",
      "description": "Неясная область действия статистики (текущая операция или все операции)",
      "first_detected": null,
      "status": "potential",
      "contract_id": "contract-deduplicator",
      "ontological_axis": "individual_collective"
    },
    {
      "id": "problem-converter-format",
      "description": "Отсутствие спецификации формата выходных данных",
      "first_detected": null,
      "status": "potential",
      "contract_id": "contract-converter",
      "ontological_axis": "internal_external"
    }
  ],
  "recommendations": [
    {
      "id": "recommendation-deduplication-criteria",
      "description": "Добавить явное определение критериев дедупликации",
      "for_problems": ["problem-deduplication-criteria"],
      "status": "pending",
      "contract_id": "contract-deduplicator"
    },
    {
      "id": "recommendation-error-handling",
      "description": "Определить поведение при ошибках ввода-вывода",
      "for_problems": ["problem-error-handling"],
      "status": "pending",
      "contract_id": "contract-deduplicator"
    },
    {
      "id": "recommendation-stats-scope",
      "description": "Уточнить область действия статистики",
      "for_problems": ["problem-stats-scope"],
      "status": "pending",
      "contract_id": "contract-deduplicator"
    },
    {
      "id": "recommendation-converter-format",
      "description": "Добавить спецификацию формата выходных данных",
      "for_problems": ["problem-converter-format"],
      "status": "pending",
      "contract_id": "contract-converter"
    }
  ]
}
