{
  "element_contract": [
    {
      "element_id": "element-deduplicate",
      "contract_id": "contract-deduplicator",
      "relationship_type": "defined_in"
    },
    {
      "element_id": "element-deduplicateFile",
      "contract_id": "contract-deduplicator",
      "relationship_type": "defined_in"
    },
    {
      "element_id": "element-getStats",
      "contract_id": "contract-deduplicator",
      "relationship_type": "defined_in"
    },
    {
      "element_id": "element-convert",
      "contract_id": "contract-converter",
      "relationship_type": "defined_in"
    },
    {
      "element_id": "element-convertFile",
      "contract_id": "contract-converter",
      "relationship_type": "defined_in"
    },
    {
      "element_id": "element-getMetadata",
      "contract_id": "contract-converter",
      "relationship_type": "defined_in"
    },
    {
      "element_id": "element-loadData",
      "contract_id": "contract-database-loader",
      "relationship_type": "defined_in"
    },
    {
      "element_id": "element-loadFile",
      "contract_id": "contract-database-loader",
      "relationship_type": "defined_in"
    },
    {
      "element_id": "element-analyze",
      "contract_id": "contract-data-analyzer",
      "relationship_type": "defined_in"
    }
  ],
  "element_element": [
    {
      "source_element_id": "element-deduplicate",
      "target_element_id": "element-getStats",
      "relationship_type": "updates"
    },
    {
      "source_element_id": "element-deduplicateFile",
      "target_element_id": "element-getStats",
      "relationship_type": "updates"
    },
    {
      "source_element_id": "element-convert",
      "target_element_id": "element-getMetadata",
      "relationship_type": "updates"
    },
    {
      "source_element_id": "element-convertFile",
      "target_element_id": "element-getMetadata",
      "relationship_type": "updates"
    },
    {
      "source_element_id": "element-deduplicate",
      "target_element_id": "element-convert",
      "relationship_type": "consumes_output_of"
    },
    {
      "source_element_id": "element-loadData",
      "target_element_id": "element-deduplicate",
      "relationship_type": "consumes_output_of"
    },
    {
      "source_element_id": "element-analyze",
      "target_element_id": "element-loadData",
      "relationship_type": "analyzes_result_of"
    }
  ],
  "contract_contract": [
    {
      "source_contract_id": "contract-deduplicator",
      "target_contract_id": "contract-converter",
      "relationship_type": "consumes_output_of"
    },
    {
      "source_contract_id": "contract-database-loader",
      "target_contract_id": "contract-deduplicator",
      "relationship_type": "consumes_output_of"
    },
    {
      "source_contract_id": "contract-data-analyzer",
      "target_contract_id": "contract-database-loader",
      "relationship_type": "analyzes_data_from"
    }
  ],
  "ontological_relationships": [
    {
      "source_id": "element-deduplicate",
      "target_id": "problem-deduplication-criteria",
      "relationship_type": "has_problem"
    },
    {
      "source_id": "element-deduplicateFile",
      "target_id": "problem-error-handling",
      "relationship_type": "has_problem"
    },
    {
      "source_id": "element-getStats",
      "target_id": "problem-stats-scope",
      "relationship_type": "has_problem"
    },
    {
      "source_id": "element-convert",
      "target_id": "problem-converter-format",
      "relationship_type": "has_problem"
    },
    {
      "source_id": "problem-deduplication-criteria",
      "target_id": "recommendation-deduplication-criteria",
      "relationship_type": "addressed_by"
    },
    {
      "source_id": "problem-error-handling",
      "target_id": "recommendation-error-handling",
      "relationship_type": "addressed_by"
    },
    {
      "source_id": "problem-stats-scope",
      "target_id": "recommendation-stats-scope",
      "relationship_type": "addressed_by"
    },
    {
      "source_id": "problem-converter-format",
      "target_id": "recommendation-converter-format",
      "relationship_type": "addressed_by"
    }
  ]
}
